rank,sequence,type,pred_score_rf,pred_score_gbr,pred_score_ensemble,struct_score,composite,GC,purine_frac,length_nm,charge_per_nm,hamming_min
1,GAAGCAGGCG,DNA,0.7893,0.9248,0.8570,0.700,0.794,0.70,0.80,3.32,11.14,3
2,GGCCAGAAAG,DNA,0.8432,0.9789,0.9111,0.600,0.787,0.60,0.80,3.32,10.84,2
3,AAAGCCGGAG,RNA,0.8199,0.9974,0.9087,0.600,0.785,0.60,0.80,3.32,10.84,3
4,AACGAGGAGC,DNA,0.8114,0.9938,0.9026,0.600,0.782,0.60,0.80,3.32,10.84,2
5,GGCCAGAAGA,DNA,0.8109,0.9942,0.9025,0.600,0.782,0.60,0.80,3.32,10.84,2
6,GCAAAGCGAG,DNA,0.8097,0.9946,0.9021,0.600,0.781,0.60,0.80,3.32,10.84,2
7,GACAGGCAAG,DNA,0.8071,0.9929,0.9000,0.600,0.780,0.60,0.80,3.32,10.84,2
8,GGCAGAACAG,DNA,0.8071,0.9929,0.9000,0.600,0.780,0.60,0.80,3.32,10.84,2
9,CAAGAAGGCC,DNA,0.8056,0.9915,0.8985,0.600,0.779,0.60,0.70,3.28,10.98,2
10,AAGACCGGAG,RNA,0.8049,0.9910,0.8980,0.600,0.779,0.60,0.80,3.32,10.84,2
