aptamer_id,sequence,binding_score,category,nucleotide_type
PCAPt1,GAAAAGGAGC,1.000,Universal,DNA
PCAPt2,GAAAAGGATC,0.975,Universal,DNA
PCAPt3,GAAAAGGATG,0.950,DNA,DNA
PCAPt4,GAAAGGATGC,0.925,DNA,DNA
PCAPt5,GAAGGATGCA,0.900,DNA,DNA
PCAPt6,GAAGGATGCG,0.875,DNA,DNA
PCAPt7,GAAAAGGAUC,0.960,RNA,RNA
PCAPt8,GAAAAGGUAC,0.930,RNA,RNA
PCAPt9,GAAGGUACGC,0.900,RNA,RNA
PCAPt10,GAAGGUACGG,0.870,RNA,RNA
PCAPt11,GAGCGGAUCC,0.855,Hybrid,RNA
PCAPt12,GAGCGGAUCG,0.840,Hybrid,RNA
PCAPt13,GAGCGGATCC,0.820,Hybrid,DNA
PCAPt14,GAGCGGATCG,0.800,Hybrid,DNA
PCAPt15,GAGCGGAUCU,0.780,Hybrid,RNA
PCAPt16,GAGUGGAUCC,0.760,Hybrid,RNA
PCAPt17,GCGCGGAUCC,0.740,Hybrid,RNA
PCAPt18,GCGCGGATCC,0.720,Hybrid,DNA
NEG1,GGCGGCGGCG,0.100,Negative,DNA
NEG2,AGGGTTTTTT,0.080,Negative,DNA
